Household_Size,Seasonal_Index,Garden_Area,Income_Level,Building_Type,Avg_Temperature_C,Num_Appliances,Daily_Liters_Used
3.0,0.82,205.1,Medium,Apartment,16.6,9.0,734.05
6.0,1.05,0.0,High,Row_House,26.7,3.0,1144.01
4.0,1.27,82.6,High,Villa,33.1,3.0,1294.0
4.0,1.18,0.0,Low,Apartment,31.7,2.0,626.69
2.0,1.22,175.8,Low,Villa,29.4,7.0,823.77
,1.13,,Low,Apartment,28.3,6.0,855.41
1.0,1.15,272.8,Medium,Row_House,26.1,5.0,809.8
5.0,,13.5,Medium,Villa,33.3,6.0,1205.11
4.0,0.86,0.0,Medium,Apartment,21.0,2.0,503.64
4.0,1.02,25.0,Low,Apartment,25.8,2.0,545.67
1.0,0.84,0.0,Low,Apartment,19.3,8.0,174.14
6.0,1.34,0.0,Medium,Row_House,35.5,2.0,1242.4
5.0,1.31,99.0,Medium,Row_House,37.0,7.0,1271.86
2.0,0.73,0.0,Low,Row_House,15.4,2.0,205.07
2.0,,,Medium,Apartment,29.4,3.0,831.06
2.0,1.3,106.9,Low,Apartment,31.3,,617.09
3.0,0.82,222.5,High,Apartment,17.0,4.0,729.46
3.0,1.07,127.3,High,Apartment,26.6,5.0,802.34
3.0,1.3,0.0,Low,Row_House,35.7,2.0,590.86
2.0,0.72,237.3,Low,Villa,15.1,6.0,573.45
4.0,1.15,92.9,Medium,Row_House,28.4,8.0,965.45
2.0,0.89,135.5,Low,Apartment,20.0,2.0,420.48
2.0,1.3,208.8,Medium,Villa,32.4,7.0,1041.81
3.0,1.33,0.0,High,Row_House,35.0,2.0,733.32
3.0,1.31,26.4,Medium,Villa,30.8,2.0,793.18
4.0,1.01,118.4,High,Row_House,27.1,9.0,1058.71
2.0,1.26,283.9,Medium,Apartment,30.9,9.0,1062.86
3.0,1.25,196.1,Low,Apartment,33.4,2.0,891.62
4.0,0.91,204.7,Medium,Row_House,18.9,8.0,988.13
1.0,1.24,193.4,Medium,Apartment,33.0,9.0,710.14
4.0,0.72,0.0,Medium,Apartment,17.0,2.0,432.92
2.0,1.09,131.3,Low,Row_House,27.8,5.0,606.48
1.0,0.85,227.8,Low,Row_House,17.6,6.0,505.54
6.0,0.78,39.4,High,Row_House,18.0,9.0,965.29
6.0,0.75,90.6,Low,Apartment,14.2,9.0,664.15
,1.15,90.1,High,Apartment,28.3,7.0,1193.48
3.0,0.92,0.0,High,Row_House,23.8,2.0,515.6
1.0,1.17,0.0,High,Villa,31.1,2.0,266.85
4.0,0.74,0.0,Medium,Row_House,16.3,,459.87
3.0,0.9,160.4,Medium,Villa,19.2,2.0,732.87
2.0,1.05,62.0,High,Row_House,27.1,9.0,592.22
3.0,1.21,291.5,Low,Row_House,30.7,3.0,1124.93
1.0,0.91,42.9,Medium,Apartment,16.8,3.0,267.07
,1.11,0.0,Medium,Row_House,29.2,4.0,912.75
2.0,1.28,224.0,Medium,Row_House,32.8,2.0,994.52
4.0,1.1,214.3,Medium,Row_House,29.7,4.0,1136.6
3.0,0.85,0.0,Medium,Row_House,17.4,5.0,366.27
3.0,0.72,110.5,Medium,Row_House,9.3,4.0,527.05
3.0,1.27,125.3,High,Apartment,33.1,6.0,992.6
2.0,0.71,0.0,Low,Row_House,,,179.7
6.0,1.27,69.5,High,Apartment,29.2,3.0,1438.37
4.0,,150.1,Medium,Villa,23.5,2.0,1055.43
6.0,1.31,0.0,High,Apartment,39.3,9.0,1387.23
,1.22,93.4,Medium,Apartment,30.4,2.0,1109.41
4.0,1.35,200.5,High,Apartment,36.5,5.0,1480.59
6.0,0.93,290.9,Low,Row_House,20.8,7.0,1218.71
1.0,,,High,Apartment,26.2,5.0,646.72
2.0,0.96,32.3,Low,Apartment,22.7,6.0,372.47
1.0,1.01,31.9,High,Row_House,24.0,2.0,199.86
3.0,1.11,285.9,High,Apartment,26.8,2.0,1145.52
3.0,1.27,0.0,Low,Villa,32.3,5.0,597.64
2.0,1.34,36.7,Low,Villa,35.2,5.0,564.78
5.0,1.2,183.7,High,Row_House,30.1,5.0,1524.68
3.0,0.97,190.9,Low,Apartment,20.8,3.0,689.66
2.0,0.97,0.0,High,Row_House,24.3,4.0,385.54
3.0,1.18,87.5,Low,Apartment,25.9,4.0,615.76
2.0,0.86,0.0,Low,Row_House,15.8,2.0,299.55
5.0,0.77,289.9,High,Apartment,18.6,3.0,1097.34
1.0,0.93,0.0,Medium,Villa,23.1,5.0,188.57
6.0,0.89,206.0,High,Apartment,20.7,2.0,1249.67
4.0,0.89,214.9,Medium,Row_House,18.1,3.0,883.34
2.0,0.85,186.9,Medium,Row_House,18.2,6.0,595.53
1.0,0.73,0.0,Medium,Row_House,15.4,7.0,161.35
5.0,0.71,88.6,Medium,Apartment,12.1,3.0,570.56
4.0,1.34,183.3,Medium,Villa,33.2,8.0,1493.12
4.0,0.98,,Medium,Row_House,24.9,2.0,1083.58
4.0,0.95,0.0,Medium,Row_House,25.5,9.0,645.45
1.0,1.14,40.7,Low,Apartment,27.7,4.0,247.28
3.0,0.84,54.9,High,Row_House,20.8,8.0,578.98
2.0,1.32,284.0,Low,Apartment,30.2,5.0,1011.58
5.0,1.21,0.0,Medium,Apartment,32.0,7.0,905.39
4.0,0.76,0.0,Low,Apartment,15.2,9.0,374.01
3.0,0.97,68.8,Medium,Villa,23.9,6.0,676.55
1.0,1.27,180.4,Medium,Apartment,32.0,9.0,750.73
3.0,1.31,213.3,Low,Apartment,36.4,7.0,1105.78
3.0,1.0,207.2,Low,Row_House,22.5,9.0,839.99
4.0,1.1,0.0,Low,Row_House,28.6,7.0,643.29
4.0,0.81,14.5,Medium,Apartment,17.8,3.0,534.16
5.0,1.34,179.0,High,Row_House,34.4,2.0,1697.07
3.0,0.85,83.4,Low,Apartment,19.2,9.0,487.33
2.0,1.31,140.6,Medium,Apartment,,9.0,762.51
4.0,1.12,287.7,Medium,Apartment,27.9,2.0,1237.61
4.0,,0.0,Medium,Villa,27.2,7.0,857.28
4.0,1.03,253.5,High,Apartment,25.6,5.0,1173.33
4.0,0.85,64.7,Medium,Apartment,19.8,2.0,584.23
3.0,,205.0,Medium,Apartment,20.0,7.0,678.6
3.0,0.84,293.3,Low,Villa,21.2,2.0,832.83
3.0,0.82,39.5,Low,Apartment,16.6,5.0,302.14
1.0,1.21,12.4,Low,Apartment,32.4,6.0,263.47
2.0,0.93,135.7,Low,Apartment,19.7,8.0,543.01
1.0,0.74,36.9,Medium,Apartment,17.4,7.0,191.18
4.0,1.33,227.0,Medium,Row_House,35.6,4.0,1420.51
3.0,1.27,0.0,Medium,Row_House,28.7,4.0,609.72
3.0,,,Low,Apartment,33.6,7.0,882.53
5.0,1.35,85.0,Low,Apartment,34.1,3.0,1039.65
2.0,0.81,136.0,Medium,Apartment,16.9,6.0,436.17
3.0,0.96,219.8,High,Apartment,25.7,3.0,932.25
4.0,1.19,12.6,Low,Apartment,28.8,8.0,695.16
2.0,1.15,180.9,High,Row_House,27.2,4.0,831.22
1.0,0.8,187.9,Medium,Villa,18.2,5.0,470.11
2.0,1.23,0.0,Medium,Villa,,,544.28
2.0,0.85,0.0,Medium,Villa,19.3,8.0,381.79
6.0,0.85,0.0,Low,Row_House,21.9,9.0,673.9
5.0,1.05,36.5,Low,Row_House,26.8,9.0,859.55
,1.09,67.8,Medium,Apartment,22.6,2.0,727.51
,1.08,0.0,Medium,Row_House,25.6,4.0,841.37
5.0,0.76,,High,Row_House,15.7,6.0,1097.49
2.0,1.27,14.0,Medium,Row_House,33.5,4.0,506.11
5.0,0.87,0.0,Low,Row_House,15.0,6.0,572.55
3.0,0.78,72.2,Medium,Apartment,22.6,6.0,415.18
5.0,1.28,88.5,Low,Apartment,33.9,7.0,1077.67
5.0,1.32,81.8,Medium,Villa,34.4,6.0,1370.45
3.0,1.26,28.1,Medium,Apartment,34.6,3.0,619.52
2.0,1.23,143.1,High,Row_House,36.0,9.0,880.42
2.0,1.13,222.5,High,Villa,,,1063.78
3.0,1.06,186.0,Medium,Row_House,28.0,5.0,924.69
5.0,0.76,205.1,Medium,Row_House,17.1,4.0,866.19
,0.97,0.0,High,Apartment,23.0,5.0,836.76
1.0,0.94,285.9,Low,Apartment,21.4,,656.4
3.0,0.87,253.2,Low,Villa,,2.0,799.24
3.0,1.17,0.0,Low,Row_House,28.1,8.0,544.66
2.0,1.02,0.0,Low,Row_House,22.1,4.0,337.34
2.0,0.75,280.5,Medium,Apartment,16.4,9.0,680.34
3.0,0.84,167.8,Medium,Apartment,15.9,5.0,640.54
6.0,1.14,68.1,Medium,Villa,28.9,5.0,1358.09
3.0,0.75,,Low,Apartment,16.5,7.0,588.1
3.0,1.25,0.0,Medium,Row_House,32.2,7.0,657.19
4.0,1.02,224.0,Medium,Apartment,23.8,8.0,1006.05
3.0,1.01,0.0,Medium,Row_House,30.7,8.0,546.2
6.0,1.09,29.9,Medium,Villa,29.7,2.0,1219.19
6.0,1.24,117.6,Medium,Row_House,29.1,6.0,1465.94
2.0,0.93,277.0,Low,Apartment,22.5,4.0,722.76
3.0,1.14,179.5,Low,Row_House,27.3,7.0,852.62
3.0,1.07,166.1,High,Row_House,24.4,4.0,945.05
2.0,,88.0,High,Apartment,17.6,2.0,438.8
1.0,1.27,116.9,Medium,Villa,33.4,7.0,604.98
4.0,1.22,269.7,Low,Row_House,29.6,7.0,1328.42
3.0,,,Medium,Villa,30.2,6.0,1110.56
1.0,1.25,238.3,Medium,Row_House,33.9,4.0,797.75
2.0,1.26,141.8,High,Apartment,35.0,9.0,839.75
5.0,1.16,192.8,Low,Apartment,27.4,,1090.13
2.0,1.24,0.0,Low,Apartment,32.6,4.0,389.66
2.0,1.15,214.6,Medium,Villa,30.1,6.0,972.06
3.0,1.14,134.0,Medium,Row_House,27.6,7.0,861.52
6.0,1.1,0.0,Low,Row_House,25.8,2.0,860.01
2.0,1.19,0.0,Low,Apartment,33.3,4.0,404.05
4.0,0.8,0.0,Medium,Apartment,18.5,5.0,485.02
4.0,1.27,28.6,High,Row_House,33.8,9.0,1100.19
2.0,1.27,249.2,High,Row_House,30.9,9.0,1103.55
,0.72,94.8,Medium,Apartment,13.2,6.0,560.76
3.0,1.24,138.7,Medium,Row_House,30.5,3.0,899.35
4.0,0.78,16.4,Low,Apartment,17.2,2.0,358.79
4.0,0.92,97.3,Medium,Apartment,19.6,5.0,687.07
3.0,1.18,155.8,Medium,Row_House,29.7,4.0,910.1
1.0,0.8,26.3,Medium,Apartment,,3.0,158.57
5.0,1.23,152.4,Medium,Villa,29.1,2.0,1385.05
3.0,1.24,278.9,Low,Apartment,33.0,6.0,1174.91
2.0,1.03,0.0,Low,Apartment,26.4,3.0,326.24
1.0,0.7,231.7,Medium,Apartment,14.2,7.0,378.07
4.0,0.89,128.8,Low,Row_House,18.8,8.0,751.76
4.0,1.1,200.0,Low,Apartment,,3.0,919.8
1.0,1.34,0.0,High,Row_House,33.9,8.0,389.02
3.0,1.11,0.0,Medium,Apartment,28.9,9.0,553.16
2.0,0.87,56.5,Medium,Apartment,22.1,5.0,381.26
4.0,1.11,0.0,High,Apartment,26.6,2.0,746.35
2.0,1.05,63.8,High,Villa,23.5,5.0,646.91
4.0,1.21,202.6,Medium,Villa,31.2,5.0,1307.85
3.0,0.77,265.7,High,Apartment,15.5,4.0,781.99
6.0,1.19,246.1,Medium,Row_House,29.0,6.0,1692.49
2.0,1.05,208.7,Medium,Villa,28.4,3.0,837.01
3.0,1.33,42.0,Medium,Apartment,36.0,2.0,780.48
2.0,0.92,0.0,Medium,Villa,22.1,9.0,387.8
6.0,1.11,0.0,Medium,Apartment,25.1,7.0,989.2
5.0,1.31,82.5,Medium,Villa,34.2,,1398.76
2.0,0.77,159.4,Low,Row_House,19.3,6.0,510.79
4.0,1.31,165.3,Medium,Villa,33.0,2.0,1342.32
5.0,1.15,113.5,Low,Row_House,31.5,6.0,1037.75
4.0,0.74,112.6,Medium,Apartment,18.8,4.0,620.75
3.0,0.9,250.3,Medium,Villa,24.5,6.0,922.21
2.0,1.16,238.9,Medium,Apartment,29.8,9.0,883.0
1.0,0.74,99.3,High,Apartment,17.4,9.0,313.05
5.0,1.08,275.0,High,Row_House,29.5,4.0,1575.52
5.0,0.92,286.3,Medium,Row_House,22.7,3.0,1233.82
4.0,1.1,104.8,Medium,Villa,26.3,3.0,1008.09
3.0,0.73,0.0,Medium,Apartment,15.0,5.0,365.34
3.0,1.27,156.6,Low,Row_House,33.0,9.0,921.82
4.0,1.33,282.9,Low,Row_House,31.8,,1410.45
5.0,1.33,264.1,Low,Apartment,,7.0,1484.1
5.0,1.19,39.7,Medium,Apartment,32.3,3.0,942.63
4.0,0.78,123.9,Medium,Apartment,13.1,6.0,624.99
4.0,1.19,170.5,High,Apartment,33.1,2.0,1210.7
1.0,0.72,0.0,Low,Villa,17.9,2.0,114.86
2.0,0.71,66.2,Low,Row_House,14.4,8.0,325.69
5.0,0.91,0.0,High,Row_House,22.5,9.0,888.6
4.0,1.02,206.3,Low,Villa,24.9,4.0,995.93
1.0,1.2,253.0,Medium,Apartment,32.8,7.0,817.97
2.0,1.14,259.0,Medium,Villa,30.5,5.0,1001.6
4.0,0.99,227.0,Medium,Apartment,,,985.69
1.0,0.88,137.4,Low,Villa,21.7,4.0,398.77
2.0,1.35,187.1,Low,Apartment,34.6,8.0,889.02
3.0,0.98,56.5,Low,Villa,23.8,2.0,550.21
4.0,0.99,205.4,Medium,Apartment,22.5,4.0,979.23
4.0,0.81,0.0,Medium,Apartment,21.9,6.0,459.89
,,211.2,Low,Row_House,33.1,7.0,862.25
4.0,1.15,76.6,Medium,Apartment,27.4,9.0,957.66
,0.84,44.1,High,Row_House,16.6,7.0,389.46
3.0,0.75,57.9,Low,Apartment,15.8,3.0,313.93
4.0,,10.6,Medium,Row_House,29.4,6.0,803.39
4.0,1.13,218.4,Medium,Apartment,28.7,8.0,1083.72
5.0,0.88,0.0,Low,Apartment,23.0,3.0,533.01
4.0,1.32,159.3,Medium,Apartment,35.7,3.0,1228.36
4.0,0.8,56.8,Medium,Row_House,20.0,3.0,540.94
1.0,0.98,0.0,High,Apartment,24.3,4.0,158.56
3.0,1.31,0.0,High,Apartment,31.0,8.0,690.46
2.0,0.97,0.0,Medium,Apartment,22.9,2.0,323.77
2.0,1.12,268.3,Medium,Apartment,30.0,7.0,975.46
6.0,0.96,80.0,Medium,Row_House,22.9,9.0,1057.71
3.0,0.88,112.7,Medium,Villa,21.5,,693.98
5.0,1.34,40.6,Medium,Apartment,34.1,2.0,1096.83
4.0,0.97,74.5,Low,Row_House,21.2,,739.61
4.0,1.28,160.6,Medium,Row_House,32.6,9.0,1238.63
3.0,0.85,0.0,Medium,Apartment,20.2,8.0,345.93
4.0,0.84,81.2,Medium,Row_House,18.0,9.0,667.85
3.0,0.72,26.7,High,Apartment,,8.0,424.41
2.0,1.12,123.4,Low,Row_House,26.0,6.0,603.59
4.0,,77.9,Medium,Apartment,24.6,9.0,722.45
2.0,1.26,73.7,Low,Row_House,31.6,7.0,625.41
1.0,1.01,0.0,High,Row_House,27.4,7.0,313.37
4.0,1.33,0.0,Medium,Apartment,37.4,8.0,831.51
2.0,0.82,0.0,Medium,Apartment,,7.0,315.22
6.0,1.26,130.6,Medium,Villa,30.2,5.0,1660.76
6.0,1.2,0.0,Medium,Apartment,26.2,6.0,1028.74
5.0,1.2,166.9,High,Row_House,27.4,4.0,1507.1
3.0,1.25,212.0,Medium,Villa,29.2,9.0,1226.18
1.0,1.19,213.6,Medium,Row_House,32.8,4.0,786.12
6.0,1.11,59.8,High,Row_House,27.8,2.0,1295.97
3.0,0.79,0.0,Low,Row_House,18.5,4.0,320.9
6.0,0.72,129.5,Low,Villa,11.2,3.0,787.04
,1.3,262.5,Medium,Row_House,31.1,7.0,1870.78
5.0,1.1,0.0,High,Row_House,29.1,4.0,1076.39
2.0,1.22,0.0,Medium,Apartment,31.6,2.0,391.79
3.0,1.01,43.5,Low,Villa,24.2,2.0,514.08
5.0,0.78,185.6,Medium,Row_House,18.6,3.0,887.96
3.0,0.78,44.0,Medium,Apartment,20.7,2.0,425.74
2.0,1.15,107.8,Low,Villa,28.4,8.0,601.79
4.0,0.98,51.4,Medium,Row_House,23.8,5.0,729.76
6.0,0.83,210.7,High,Apartment,19.4,8.0,1126.35
4.0,1.02,69.8,Medium,Row_House,29.6,7.0,806.91
4.0,0.74,123.6,Medium,Apartment,12.0,7.0,569.33
1.0,1.08,269.7,Medium,Villa,28.1,7.0,830.51
4.0,0.87,69.3,Low,Apartment,20.0,6.0,563.55
6.0,1.22,157.3,High,Villa,32.1,4.0,1863.45
2.0,0.9,131.6,Medium,Row_House,19.8,5.0,557.39
3.0,1.0,15.3,Medium,Apartment,24.1,4.0,439.88
5.0,0.71,239.9,Medium,Villa,16.7,5.0,954.41
4.0,0.75,30.0,Medium,Row_House,22.8,4.0,510.38
4.0,0.96,147.5,Medium,Apartment,24.6,3.0,802.63
4.0,1.01,172.6,Low,Row_House,22.8,9.0,926.14
3.0,1.09,0.0,High,Villa,26.2,8.0,773.17
2.0,0.89,209.7,High,Apartment,19.9,2.0,687.95
5.0,1.15,,Medium,Apartment,25.3,2.0,799.96
,1.26,12.9,High,Apartment,31.6,8.0,1147.13
5.0,1.21,219.8,Low,Apartment,32.2,3.0,1220.89
,0.73,165.3,Medium,Row_House,13.4,5.0,786.31
3.0,1.01,252.5,Medium,Row_House,26.6,8.0,1016.18
3.0,0.77,248.2,Medium,Apartment,18.1,6.0,701.36
4.0,0.86,254.6,Medium,Apartment,18.5,5.0,841.18
4.0,1.34,150.7,Medium,Apartment,34.4,2.0,1156.81
4.0,0.79,106.8,Low,Villa,21.0,6.0,679.7
4.0,1.02,0.0,Medium,Apartment,26.3,4.0,583.58
5.0,1.1,140.9,Low,Villa,27.3,6.0,1111.06
3.0,1.16,63.2,Medium,Row_House,28.7,5.0,768.79
3.0,1.06,257.9,Low,Apartment,26.2,3.0,922.76
1.0,0.71,0.0,Low,Villa,14.3,4.0,123.31
4.0,0.91,0.0,Medium,Row_House,17.3,5.0,541.74
1.0,1.04,32.0,Medium,Row_House,29.5,4.0,268.8
3.0,0.76,122.5,High,Villa,17.2,6.0,718.59
3.0,0.93,243.0,Medium,Apartment,22.9,2.0,818.66
,0.72,271.5,Medium,Apartment,,5.0,565.02
4.0,0.75,0.0,High,Row_House,15.1,9.0,609.64
1.0,0.96,29.4,Medium,Apartment,22.6,3.0,202.25
1.0,0.79,264.4,Low,Apartment,14.6,9.0,579.23
5.0,1.07,0.0,Medium,Apartment,,9.0,866.41
3.0,1.15,167.1,High,Apartment,26.4,8.0,976.07
,1.22,0.0,Medium,Row_House,28.9,6.0,431.59
3.0,0.83,0.0,Low,Apartment,18.1,,248.51
4.0,0.81,0.0,Low,Row_House,21.0,3.0,399.88
2.0,0.77,0.0,Low,Row_House,,5.0,197.32
4.0,,0.0,Medium,Apartment,25.1,,666.83
1.0,1.16,243.1,Medium,Apartment,31.7,5.0,747.64
1.0,0.72,135.7,Low,Row_House,17.1,4.0,263.6
3.0,1.31,,High,Apartment,34.8,6.0,1429.82
3.0,0.73,172.1,High,Row_House,17.4,,670.76
4.0,1.05,103.1,Medium,Villa,,8.0,1029.64
4.0,1.16,73.8,High,Apartment,33.5,2.0,904.48
6.0,1.27,111.7,Low,Row_House,31.2,5.0,1287.36
3.0,1.16,0.0,Medium,Row_House,32.4,4.0,556.0
3.0,1.22,29.9,Medium,Apartment,31.8,3.0,653.14
4.0,0.92,0.0,High,Villa,22.8,8.0,851.19
2.0,1.23,144.6,High,Villa,27.9,,854.6
3.0,,219.6,Low,Apartment,16.2,9.0,599.26
1.0,1.28,200.5,High,Row_House,31.2,,791.53
1.0,1.06,215.5,Low,Villa,27.7,3.0,562.28
6.0,1.23,12.4,High,Villa,33.4,2.0,1594.67
5.0,0.99,73.1,High,Row_House,19.8,4.0,1032.18
4.0,1.12,0.0,Low,Row_House,27.9,9.0,698.42
3.0,1.04,150.4,Medium,Apartment,27.7,6.0,748.21
2.0,1.18,11.5,Low,Villa,29.4,3.0,414.75
2.0,0.75,243.3,Medium,Apartment,18.0,8.0,553.51
2.0,0.74,234.1,Medium,Row_House,16.9,4.0,534.94
3.0,0.86,169.0,Medium,Apartment,20.6,5.0,622.44
4.0,0.8,29.3,High,Apartment,,2.0,597.94
4.0,1.27,232.3,Medium,Apartment,30.1,4.0,1257.88
2.0,0.84,179.3,Medium,Villa,17.1,4.0,594.32
6.0,1.33,236.8,High,Apartment,35.8,6.0,1925.94
4.0,0.92,228.0,High,Row_House,21.8,4.0,1035.6
4.0,0.82,242.9,Low,Apartment,18.4,6.0,777.21
4.0,1.21,0.0,High,Apartment,29.8,2.0,843.72
3.0,1.13,50.7,Low,Apartment,27.6,2.0,503.03
2.0,1.02,0.0,High,Row_House,26.9,5.0,460.88
3.0,1.06,189.9,Low,Apartment,25.4,,773.98
4.0,1.17,,Low,Apartment,26.8,6.0,593.94
,0.85,59.3,Medium,Apartment,21.1,3.0,262.92
2.0,1.35,66.5,Medium,Apartment,34.6,3.0,586.64
1.0,1.33,0.0,Medium,Villa,34.4,5.0,330.8
1.0,1.12,227.5,Low,Villa,31.1,2.0,680.3
5.0,0.83,273.4,Medium,Apartment,19.0,7.0,1023.92
,1.14,230.0,High,Row_House,29.1,3.0,1267.33
3.0,0.75,0.0,Medium,Villa,14.2,4.0,349.5
1.0,0.72,199.7,Low,Apartment,15.2,2.0,373.86
3.0,0.87,267.8,Medium,Villa,21.4,7.0,964.11
3.0,1.0,0.0,Low,Villa,21.1,9.0,491.25
2.0,1.26,0.0,High,Apartment,32.6,4.0,480.91
3.0,1.17,55.4,High,Apartment,29.7,8.0,790.63
3.0,,,Medium,Villa,29.9,6.0,1024.32
4.0,0.98,217.8,Medium,Row_House,25.7,2.0,945.22
4.0,0.92,88.6,High,Apartment,22.4,8.0,786.33
1.0,0.94,68.7,Medium,Apartment,25.3,5.0,304.98
3.0,1.34,101.0,High,Apartment,32.7,6.0,1004.19
4.0,0.73,0.0,Medium,Row_House,16.2,6.0,550.55
3.0,1.26,72.3,High,Row_House,32.4,4.0,907.76
5.0,,133.2,Medium,Villa,24.6,8.0,1214.78
4.0,0.99,273.3,Medium,Apartment,25.8,6.0,1101.67
2.0,1.17,157.0,High,Row_House,34.1,3.0,868.28
1.0,1.02,64.5,Medium,Row_House,24.8,2.0,319.86
4.0,1.27,0.0,Medium,Apartment,33.5,3.0,724.49
1.0,1.29,211.9,Low,Apartment,33.3,4.0,759.91
4.0,0.97,0.0,Medium,Villa,21.9,7.0,747.05
6.0,0.88,248.3,Medium,Villa,16.9,9.0,1321.61
4.0,1.09,0.0,Low,Row_House,25.6,4.0,617.91
3.0,1.29,0.0,Low,Row_House,30.4,2.0,576.8
4.0,0.84,88.9,Medium,Apartment,22.7,6.0,683.3
3.0,1.1,210.8,High,Row_House,27.1,8.0,1095.94
3.0,1.11,86.6,Medium,Row_House,26.9,,750.78
6.0,1.18,282.3,Low,Row_House,31.5,5.0,1606.78
3.0,0.79,0.0,Medium,Villa,15.5,4.0,392.64
6.0,,0.0,Low,Row_House,27.9,2.0,939.52
5.0,,88.2,Medium,Apartment,33.3,5.0,1109.47
2.0,0.82,65.4,Low,Row_House,20.7,6.0,398.57
1.0,0.85,211.4,Low,Apartment,20.6,7.0,485.59
2.0,1.33,73.4,Low,Apartment,34.9,4.0,610.49
1.0,,182.6,Medium,Apartment,,7.0,460.57
1.0,1.26,86.7,Low,Apartment,33.0,2.0,378.7
4.0,1.02,202.0,Medium,Row_House,25.2,7.0,1096.91
1.0,0.86,246.3,Medium,Row_House,17.9,7.0,618.66
3.0,1.27,235.6,Medium,Row_House,32.6,2.0,1195.1
5.0,0.99,230.6,Medium,Row_House,21.8,2.0,1145.63
1.0,1.03,64.4,High,Apartment,25.3,4.0,339.57
5.0,0.93,35.6,Low,Villa,21.1,7.0,800.39
2.0,1.09,212.7,Medium,Apartment,32.1,5.0,780.55
2.0,,116.8,Low,Apartment,18.3,9.0,484.31
4.0,0.95,135.4,Low,Row_House,19.9,2.0,737.36
4.0,1.33,19.0,Medium,Apartment,34.1,6.0,773.5
5.0,0.87,85.3,Medium,Apartment,21.3,7.0,789.49
4.0,1.13,19.8,High,Row_House,31.6,2.0,890.41
5.0,0.91,265.0,Medium,Row_House,,5.0,1150.12
2.0,1.2,80.6,High,Apartment,27.2,8.0,645.58
2.0,,171.6,Low,Villa,19.4,4.0,539.57
4.0,1.33,21.3,Low,Row_House,31.6,7.0,854.37
5.0,0.99,203.4,Low,Villa,23.1,8.0,1164.9
6.0,0.85,103.7,Low,Apartment,19.1,2.0,744.55
3.0,0.75,0.0,Medium,Row_House,16.4,2.0,345.91
3.0,0.81,267.6,Medium,Villa,19.8,6.0,860.75
4.0,1.04,0.0,Low,Row_House,24.1,6.0,568.5
3.0,0.92,271.3,High,Row_House,21.2,7.0,1024.58
6.0,1.24,298.9,High,Apartment,31.6,8.0,1968.15
5.0,,,Low,Apartment,23.9,9.0,692.9
3.0,0.86,0.0,Low,Row_House,20.1,8.0,437.5
4.0,1.1,82.2,Low,Apartment,28.2,2.0,692.46
4.0,1.16,177.2,Low,Villa,30.8,9.0,1179.56
2.0,0.81,29.5,Low,Apartment,19.2,7.0,264.88
5.0,,0.0,Medium,Villa,19.3,2.0,727.27
3.0,0.72,299.7,Low,Villa,12.5,6.0,718.32
5.0,1.18,,Medium,Apartment,29.9,5.0,1053.79
3.0,1.13,227.0,High,Apartment,29.2,3.0,1074.69
5.0,1.01,243.9,Medium,Villa,26.0,9.0,1315.76
3.0,1.25,258.8,High,Villa,30.5,3.0,1358.4
1.0,1.22,0.0,Low,Apartment,29.7,2.0,197.45
5.0,1.08,80.0,Medium,Apartment,25.5,8.0,963.44
1.0,1.26,21.7,Medium,Row_House,33.3,6.0,332.89
3.0,0.83,,Low,Row_House,21.1,4.0,505.88
6.0,0.77,0.0,Low,Apartment,,4.0,524.49
6.0,0.88,16.5,Medium,Row_House,22.4,3.0,853.37
4.0,0.74,0.0,Medium,Apartment,16.5,5.0,448.98
4.0,1.05,,Medium,Apartment,25.5,3.0,1056.86
3.0,1.31,174.2,Medium,Apartment,33.3,2.0,1038.38
2.0,0.73,,Medium,Apartment,17.4,5.0,383.17
3.0,0.78,0.0,Low,Apartment,18.1,4.0,279.99
4.0,0.99,0.0,Medium,Row_House,28.5,,677.03
4.0,1.31,14.2,Low,Apartment,32.1,6.0,680.49
4.0,0.91,0.0,Low,Apartment,22.5,9.0,498.77
4.0,1.03,0.0,High,Apartment,24.1,6.0,758.41
1.0,0.73,231.1,Medium,Villa,14.2,2.0,459.15
3.0,0.8,21.3,Medium,Apartment,18.1,3.0,420.78
1.0,1.34,252.8,Medium,Apartment,35.0,2.0,861.54
3.0,1.33,189.7,Medium,Row_House,40.2,9.0,1233.27
3.0,0.7,0.0,Low,Villa,14.6,6.0,338.45
5.0,,191.1,Low,Apartment,31.8,9.0,1361.11
3.0,1.12,260.7,Low,Row_House,28.5,4.0,1018.29
2.0,1.26,180.2,High,Row_House,28.1,6.0,962.24
2.0,1.0,178.5,Medium,Row_House,24.0,,727.05
4.0,,297.3,Medium,Apartment,25.5,8.0,1194.37
4.0,1.02,229.5,Medium,Row_House,26.4,9.0,1131.41
2.0,1.13,138.3,High,Apartment,30.2,8.0,791.08
1.0,,215.1,Low,Row_House,16.8,7.0,461.55
,0.72,122.9,Low,Row_House,15.3,6.0,523.66
1.0,0.9,76.4,Medium,Apartment,19.6,6.0,369.61
5.0,1.16,183.1,High,Villa,26.9,8.0,1634.45
4.0,0.83,279.2,High,Apartment,19.6,7.0,1013.9
1.0,1.14,0.0,Low,Villa,26.0,5.0,274.76
1.0,1.33,109.2,High,Row_House,33.6,3.0,563.69
6.0,0.76,163.0,High,Apartment,14.9,9.0,978.49
3.0,1.14,71.4,Low,Apartment,29.6,9.0,656.59
3.0,0.99,298.7,Medium,Villa,27.5,6.0,1065.49
,1.26,294.5,Medium,Apartment,29.6,8.0,1596.54
6.0,0.82,198.4,High,Apartment,15.0,2.0,1086.66
6.0,1.15,243.3,Low,Apartment,28.6,6.0,1356.51
4.0,1.24,0.0,High,Row_House,31.6,2.0,890.84
3.0,1.31,0.0,Medium,Row_House,34.2,5.0,724.88
1.0,1.14,25.5,Medium,Apartment,27.6,6.0,296.3
4.0,1.02,141.9,Medium,Apartment,,9.0,940.8
4.0,1.1,205.7,Medium,Apartment,28.0,8.0,1083.18
3.0,1.26,206.5,High,Apartment,34.3,5.0,1141.44
,1.07,118.2,High,Apartment,22.5,,1139.79
2.0,0.72,283.1,High,Row_House,14.9,3.0,634.63
3.0,1.31,0.0,Low,Apartment,34.2,6.0,515.8
1.0,1.15,155.1,Medium,Apartment,27.0,2.0,573.23
3.0,1.14,210.4,Low,Apartment,,2.0,867.94
1.0,0.84,212.2,Medium,Villa,18.0,6.0,464.21
2.0,1.13,198.1,Medium,Villa,28.1,7.0,921.49
2.0,0.96,89.8,Medium,Villa,24.1,3.0,516.06
4.0,1.12,55.3,Medium,Apartment,26.7,3.0,742.84
,0.77,194.4,High,Apartment,13.5,3.0,717.55
4.0,1.13,183.8,Low,Apartment,,2.0,986.86
6.0,1.35,62.0,Medium,Apartment,37.1,5.0,1286.38
3.0,0.73,0.0,Medium,Row_House,15.2,8.0,384.0
2.0,1.34,142.0,Low,Row_House,33.0,7.0,819.19
5.0,0.96,0.0,Low,Villa,24.9,9.0,799.64
,1.27,252.8,High,Villa,31.9,3.0,1167.52
6.0,1.21,59.2,High,Apartment,29.7,2.0,1282.25
1.0,1.07,0.0,High,Row_House,26.7,2.0,218.84
6.0,1.18,235.9,High,Apartment,31.3,9.0,1744.46
1.0,1.27,186.8,Low,Apartment,,5.0,662.33
5.0,0.96,212.9,Medium,Row_House,24.7,9.0,1175.94
3.0,0.91,253.1,Medium,Apartment,23.8,6.0,870.1
6.0,1.13,242.8,Medium,Apartment,27.2,6.0,1498.22
1.0,1.23,0.0,Medium,Apartment,29.3,8.0,237.78
4.0,1.2,165.4,Medium,Row_House,30.5,9.0,1245.41
6.0,1.22,0.0,Medium,Row_House,31.2,8.0,1205.12
3.0,0.98,126.5,Medium,Apartment,21.5,3.0,653.51
4.0,1.23,54.6,Low,Villa,31.0,8.0,970.92
4.0,0.78,176.1,Medium,Apartment,18.3,3.0,760.92
,1.05,90.3,Medium,Apartment,26.5,7.0,634.83
4.0,0.7,,Medium,Row_House,16.0,8.0,466.74
4.0,0.91,179.1,Low,Row_House,22.0,5.0,735.14
5.0,0.94,181.9,Medium,Villa,21.4,3.0,1143.68
1.0,0.96,112.9,Low,Apartment,22.0,5.0,377.04
2.0,1.15,25.1,Medium,Row_House,26.4,2.0,440.18
6.0,0.95,19.2,High,Row_House,26.3,3.0,1068.55
5.0,0.99,132.8,Medium,Villa,23.9,2.0,1047.73
3.0,0.85,34.5,Low,Apartment,19.2,4.0,393.55
4.0,0.94,0.0,Medium,Row_House,20.5,5.0,648.11
2.0,0.85,265.5,Medium,Row_House,25.5,4.0,703.73
2.0,0.75,266.0,High,Apartment,14.4,3.0,629.1
,1.09,201.1,Medium,Row_House,,2.0,876.51
3.0,,71.3,Medium,Apartment,29.1,3.0,674.49
4.0,1.1,260.3,Medium,Row_House,28.5,,1220.84
1.0,1.0,267.0,Low,Villa,26.1,9.0,710.31
6.0,0.95,67.0,Low,Row_House,26.3,9.0,905.83
6.0,1.26,223.9,Medium,Row_House,33.2,3.0,1679.9
,1.04,93.1,Medium,Row_House,23.3,7.0,874.01
3.0,1.01,242.8,Medium,Apartment,24.0,6.0,876.96
3.0,0.72,,Low,Apartment,16.2,4.0,651.65
5.0,0.92,18.7,Low,Row_House,25.9,3.0,658.82
4.0,0.95,,Medium,Apartment,19.9,2.0,496.08
2.0,0.96,0.0,Low,Apartment,25.4,3.0,327.28
5.0,1.08,292.3,Medium,Row_House,27.1,9.0,1439.98
5.0,1.05,144.9,Low,Apartment,27.4,2.0,895.53
6.0,1.1,255.7,Medium,Apartment,27.1,6.0,1428.59
4.0,1.2,28.1,High,Row_House,28.7,3.0,1021.8
4.0,1.23,0.0,Low,Apartment,32.8,8.0,688.64
3.0,1.17,29.4,Medium,Villa,30.8,9.0,746.41
6.0,1.32,292.8,Low,Villa,36.0,8.0,1988.94
5.0,0.71,,Medium,Row_House,15.3,,885.36
1.0,0.83,257.2,Medium,Apartment,17.8,4.0,542.09
1.0,0.7,282.0,Medium,Row_House,,2.0,451.64
3.0,1.12,,Medium,Villa,29.6,8.0,652.9
5.0,1.28,121.8,High,Row_House,33.7,7.0,1525.81
6.0,0.86,30.6,Low,Apartment,18.0,4.0,645.89
2.0,1.3,71.1,Low,Row_House,32.4,2.0,618.23
4.0,0.74,76.5,High,Villa,15.3,9.0,729.17
3.0,1.31,0.0,Medium,Row_House,30.8,9.0,743.23
6.0,0.93,87.9,High,Row_House,20.4,9.0,1205.63
5.0,0.77,39.3,Medium,Row_House,14.9,6.0,669.34
5.0,1.02,58.6,High,Row_House,24.0,8.0,1115.48
3.0,0.87,52.7,Medium,Apartment,18.8,9.0,489.53
3.0,0.89,0.0,Medium,Row_House,17.6,5.0,462.18
2.0,0.9,230.2,High,Apartment,25.2,9.0,681.28
1.0,1.22,0.0,Medium,Apartment,33.5,3.0,226.36
5.0,1.05,137.5,Low,Apartment,24.2,6.0,894.71
5.0,0.9,90.7,Low,Row_House,21.7,2.0,703.4
6.0,1.1,241.5,Low,Apartment,28.1,2.0,1265.68
6.0,1.17,104.6,Low,Row_House,31.8,2.0,1171.88
4.0,,0.0,Medium,Row_House,18.9,2.0,561.13
4.0,,77.4,Medium,Apartment,25.5,3.0,709.46
6.0,0.78,47.6,Medium,Apartment,16.4,4.0,694.5
5.0,0.82,84.4,Medium,Apartment,16.0,7.0,730.19
2.0,1.14,0.0,Medium,Villa,30.0,5.0,476.42
3.0,0.82,205.5,Low,Row_House,21.3,3.0,680.64
2.0,1.04,28.1,Low,Row_House,30.6,2.0,402.87
6.0,1.16,71.0,Low,Apartment,26.8,3.0,986.5
4.0,0.77,244.6,Medium,Row_House,18.6,6.0,819.3
2.0,1.07,52.6,Low,Villa,25.6,,478.14
,0.87,109.4,Low,Villa,21.8,2.0,687.87
4.0,1.33,0.0,Medium,Row_House,31.4,5.0,859.34
3.0,1.01,54.9,High,Apartment,22.0,2.0,622.85
2.0,1.22,0.0,Low,Apartment,29.4,7.0,398.51
4.0,1.06,150.5,Medium,Apartment,26.2,5.0,918.14
3.0,0.73,97.7,Medium,Apartment,14.6,7.0,469.26
4.0,1.11,0.0,High,Apartment,28.9,5.0,788.25
3.0,,243.1,High,Apartment,36.1,4.0,1288.11
5.0,1.09,0.0,Low,Apartment,28.2,8.0,686.98
,1.23,178.4,Low,Villa,34.5,4.0,1139.91
4.0,1.27,156.6,High,Row_House,33.4,,1309.45
5.0,0.85,0.0,Medium,Villa,17.2,3.0,754.58
3.0,0.84,191.0,Medium,Row_House,22.0,9.0,729.6
2.0,,89.4,Medium,Apartment,26.1,5.0,535.83
1.0,0.97,151.5,Medium,Row_House,25.1,9.0,526.51
4.0,1.25,0.0,High,Apartment,35.1,9.0,940.97
4.0,1.29,143.3,High,Row_House,34.1,2.0,1281.05
4.0,0.93,98.9,Medium,Apartment,19.1,8.0,759.28
2.0,0.85,248.5,Low,Villa,17.8,6.0,712.78
2.0,1.21,0.0,High,Apartment,33.3,6.0,457.13
1.0,0.88,0.0,Low,Apartment,20.2,2.0,107.1
3.0,1.23,142.9,Low,Villa,31.5,,948.87
4.0,0.98,220.3,High,Apartment,25.1,4.0,1065.43
3.0,1.13,,Low,Row_House,29.6,6.0,450.32
3.0,0.76,203.5,Low,Row_House,17.4,5.0,565.81
5.0,1.11,235.3,Low,Villa,27.2,7.0,1347.99
3.0,0.99,260.0,High,Villa,23.3,9.0,1123.78
3.0,1.08,,Medium,Villa,28.4,3.0,795.11
,,166.0,Medium,Apartment,19.5,9.0,753.57
3.0,,253.6,Low,Villa,29.3,9.0,1206.31
4.0,1.26,296.9,High,Row_House,34.4,,1665.52
5.0,,0.0,High,Row_House,19.0,4.0,808.98
6.0,0.76,117.7,Medium,Apartment,15.1,6.0,847.31
2.0,0.72,66.6,Medium,Row_House,14.1,9.0,406.99
6.0,1.12,151.9,Low,Villa,26.0,8.0,1369.75
3.0,1.09,225.1,High,Villa,26.5,2.0,1093.32
2.0,1.06,152.8,Medium,Apartment,28.5,8.0,693.28
3.0,0.85,0.0,High,Apartment,18.0,8.0,505.28
6.0,0.95,253.1,Medium,Apartment,,6.0,1250.57
3.0,1.09,114.8,High,Villa,25.7,5.0,1009.35
3.0,1.02,259.3,High,Row_House,24.3,4.0,1098.86
4.0,1.34,128.0,Medium,Row_House,31.7,,1233.43
2.0,0.79,105.2,High,Apartment,17.3,9.0,509.66
1.0,1.15,0.0,Medium,Apartment,,,279.33
2.0,0.96,231.1,Low,Row_House,24.1,2.0,609.05
2.0,,0.0,Medium,Villa,24.1,7.0,399.71
2.0,1.17,67.0,Medium,Row_House,27.1,5.0,598.67
2.0,1.15,285.9,Medium,Apartment,31.0,7.0,979.74
4.0,1.34,60.9,Low,Row_House,35.1,3.0,895.16
2.0,0.78,174.6,Medium,Apartment,17.9,4.0,459.52
3.0,0.77,178.0,Medium,Villa,,5.0,732.77
5.0,1.17,0.0,Medium,Apartment,28.4,5.0,900.77
,1.08,197.0,Medium,Row_House,27.1,9.0,940.6
4.0,0.88,76.6,Medium,Apartment,21.5,7.0,663.86
2.0,0.75,170.3,Low,Row_House,13.0,2.0,403.37
2.0,0.76,117.9,Medium,Row_House,15.8,3.0,426.94
1.0,1.28,0.0,Low,Row_House,,9.0,305.6
2.0,0.82,51.0,Low,Apartment,19.2,9.0,368.24
2.0,0.91,0.0,High,Apartment,23.8,9.0,397.77
2.0,0.85,63.7,High,Apartment,18.1,7.0,518.59
1.0,0.93,90.8,Medium,Row_House,21.1,5.0,317.36
2.0,0.75,0.0,High,Apartment,15.5,4.0,217.33
3.0,1.04,63.0,High,Row_House,23.9,5.0,720.17
2.0,0.74,0.0,High,Villa,,6.0,298.86
3.0,1.22,92.9,Low,Villa,32.5,4.0,771.24
3.0,0.85,278.9,High,Apartment,17.5,9.0,876.76
4.0,1.05,0.0,Medium,Row_House,26.6,4.0,653.93
,1.27,175.7,Medium,Apartment,29.1,5.0,628.1
4.0,1.12,0.0,Low,Row_House,26.8,2.0,625.01
4.0,1.05,0.0,Medium,Villa,25.1,9.0,792.51
1.0,,241.3,Low,Apartment,24.8,,557.11
,0.92,116.5,Low,Apartment,21.2,6.0,799.71
6.0,1.14,0.0,Medium,Villa,24.1,,1205.43
1.0,1.35,171.5,High,Villa,31.0,2.0,750.94
2.0,1.13,255.1,High,Apartment,28.3,2.0,946.31
5.0,1.06,240.8,Medium,Row_House,27.3,2.0,1228.75
4.0,1.17,60.8,High,Apartment,30.2,4.0,874.59
2.0,1.0,205.1,High,Apartment,24.6,2.0,742.36
2.0,0.74,73.9,High,Villa,18.6,5.0,461.94
3.0,,73.3,Low,Villa,25.3,2.0,710.13
3.0,1.32,263.5,Medium,Row_House,35.9,6.0,1326.17
4.0,0.81,82.4,High,Apartment,15.1,9.0,724.47
3.0,1.15,,Medium,Villa,27.0,9.0,862.06
3.0,0.83,0.0,Medium,Apartment,,3.0,359.26
4.0,1.05,262.5,Medium,Apartment,25.2,6.0,1177.94
1.0,0.76,,Medium,Row_House,16.8,4.0,412.96
2.0,0.99,191.9,Medium,Apartment,24.2,2.0,660.96
4.0,1.19,227.6,Low,Row_House,30.2,,1207.46
5.0,0.93,54.1,Medium,Row_House,20.2,5.0,831.47
3.0,,0.0,High,Apartment,27.9,7.0,681.54
3.0,1.22,0.0,High,Apartment,28.0,2.0,615.78
2.0,1.3,37.2,Low,Apartment,,8.0,512.69
3.0,0.85,,High,Apartment,19.0,6.0,693.37
3.0,0.96,277.0,Medium,Row_House,22.0,4.0,886.23
2.0,0.8,21.6,Medium,Villa,21.3,9.0,356.91
2.0,1.35,94.5,High,Apartment,32.5,3.0,704.8
3.0,1.3,70.2,High,Apartment,31.2,2.0,872.37
1.0,1.05,79.1,High,Row_House,23.6,3.0,412.46
3.0,1.25,0.0,Medium,Villa,31.8,2.0,709.83
2.0,1.04,145.7,High,Apartment,26.3,4.0,694.75
3.0,1.11,145.2,Low,Apartment,29.1,7.0,759.92
2.0,0.76,0.0,Medium,Row_House,22.0,6.0,328.96
5.0,1.19,54.8,Medium,Apartment,25.6,9.0,1003.22
4.0,0.78,151.3,Medium,Apartment,18.7,4.0,666.27
4.0,1.24,134.7,Low,Row_House,30.5,3.0,982.25
4.0,1.21,183.1,High,Row_House,,2.0,1328.24
3.0,1.16,299.9,Low,Row_House,27.9,3.0,1111.62
1.0,0.72,0.0,Low,Row_House,13.8,6.0,161.83
3.0,0.9,125.4,Medium,Row_House,,8.0,657.93
,0.87,250.0,Medium,Apartment,,9.0,908.82
4.0,,0.0,High,Apartment,22.1,4.0,660.02
3.0,0.76,18.8,Medium,Apartment,19.5,,360.35
2.0,1.31,69.3,Low,Apartment,30.7,3.0,519.37
2.0,1.06,108.7,High,Row_House,23.4,6.0,680.38
3.0,0.9,,Medium,Villa,16.8,8.0,758.43
4.0,0.96,0.0,Low,Villa,21.6,2.0,577.37
4.0,0.99,274.1,Medium,Row_House,24.2,8.0,1200.82
3.0,,157.9,Medium,Apartment,27.2,3.0,849.41
6.0,,,Medium,Apartment,25.8,6.0,1238.2
4.0,1.3,0.0,Medium,Villa,30.6,2.0,929.24
2.0,1.02,20.1,High,Row_House,26.5,8.0,533.03
2.0,1.34,169.8,High,Row_House,35.2,9.0,990.11
2.0,1.25,137.1,Medium,Row_House,33.4,8.0,772.17
2.0,0.84,0.0,Low,Row_House,15.5,9.0,210.3
2.0,,56.6,High,Villa,34.1,8.0,833.74
2.0,0.78,17.2,Medium,Apartment,15.1,7.0,258.16
2.0,1.23,140.2,Medium,Row_House,30.5,2.0,733.56
2.0,0.95,78.9,Medium,Villa,23.8,8.0,519.23
5.0,1.27,24.4,High,Apartment,32.7,7.0,1188.99
1.0,1.26,220.1,Medium,Row_House,30.5,4.0,756.87
3.0,1.22,0.0,Low,Apartment,31.0,6.0,470.84
3.0,1.21,186.4,Medium,Villa,27.6,8.0,1132.63
6.0,0.9,91.5,High,Apartment,23.5,9.0,1052.61
2.0,0.75,60.3,Low,Row_House,16.1,2.0,261.01
3.0,0.96,0.0,High,Apartment,25.2,9.0,495.5
6.0,0.81,0.0,Medium,Row_House,17.3,7.0,726.03
5.0,1.15,123.7,Medium,Apartment,27.8,7.0,1112.59
5.0,0.92,227.7,Low,Apartment,20.2,4.0,878.59
2.0,1.33,46.4,Low,Row_House,36.1,9.0,540.34
2.0,1.12,0.0,High,Villa,26.5,5.0,528.4
4.0,1.23,78.7,Low,Apartment,32.6,6.0,813.28
6.0,0.79,206.4,High,Apartment,17.0,9.0,1174.55
4.0,1.26,0.0,Medium,Row_House,28.3,5.0,872.37
4.0,1.3,0.0,Low,Row_House,32.3,2.0,691.41
2.0,1.02,122.3,Low,Villa,22.5,6.0,604.65
4.0,1.09,29.2,Medium,Apartment,27.1,9.0,763.1
2.0,1.2,15.6,High,Row_House,,4.0,510.87
3.0,0.81,249.8,Medium,Apartment,20.2,2.0,670.66
,1.03,162.2,Medium,Apartment,25.0,6.0,786.59
3.0,0.96,0.0,Medium,Row_House,22.6,9.0,511.01
2.0,0.8,78.0,Medium,Row_House,19.4,9.0,418.65
2.0,0.94,110.1,Medium,Row_House,24.3,6.0,552.71
4.0,0.74,18.7,High,Apartment,16.2,5.0,510.12
2.0,0.72,,Medium,Apartment,14.1,2.0,540.49
4.0,0.79,203.7,Medium,Apartment,14.2,4.0,734.51
2.0,1.33,280.6,Low,Villa,33.0,4.0,1155.36
3.0,1.06,87.0,High,Apartment,24.8,2.0,678.98
3.0,1.33,187.3,Low,Apartment,34.6,2.0,1003.43
,0.98,206.8,Low,Apartment,22.9,7.0,504.04
3.0,0.9,0.0,Medium,Row_House,22.5,3.0,424.41
2.0,1.03,0.0,Medium,Apartment,23.9,9.0,364.24
1.0,0.99,284.7,Medium,Villa,23.8,5.0,724.13
6.0,0.77,266.6,Medium,Apartment,19.5,2.0,987.22
3.0,1.12,0.0,High,Villa,28.6,2.0,792.07
5.0,0.84,90.5,Low,Apartment,19.2,3.0,615.89
2.0,1.1,0.0,High,Row_House,26.1,3.0,518.89
4.0,1.12,289.4,Medium,Villa,,6.0,1432.53
4.0,0.8,13.0,Medium,Apartment,16.4,8.0,507.98
4.0,0.74,217.7,Medium,Villa,,4.0,830.19
3.0,1.21,214.8,Low,Row_House,32.2,5.0,1091.33
3.0,1.0,190.6,High,Villa,23.8,6.0,992.37
3.0,0.74,0.0,Medium,Row_House,13.5,2.0,299.04
6.0,1.35,100.4,Medium,Apartment,38.5,9.0,1432.63
5.0,0.74,108.6,Medium,Apartment,16.9,3.0,659.12
6.0,1.15,32.9,High,Apartment,26.0,7.0,1191.37
2.0,1.34,138.4,Medium,Apartment,33.8,4.0,782.03
4.0,0.86,0.0,High,Apartment,20.1,6.0,655.36
6.0,0.79,109.6,Medium,Apartment,21.2,7.0,856.66
2.0,0.78,252.0,Low,Apartment,15.2,4.0,550.77
1.0,0.9,281.3,Low,Row_House,23.1,8.0,640.44
4.0,0.77,63.9,Medium,Apartment,20.0,8.0,598.96
4.0,1.15,118.0,Low,Apartment,27.6,7.0,829.84
5.0,0.74,279.3,Low,Row_House,15.7,3.0,909.89
2.0,1.03,0.0,High,Apartment,23.1,6.0,456.95
4.0,1.35,0.0,High,Apartment,34.6,6.0,969.94
2.0,1.23,0.0,Medium,Apartment,31.2,8.0,441.38
2.0,1.1,182.6,Low,Villa,28.6,4.0,783.89
2.0,0.9,53.6,Low,Villa,23.3,7.0,459.85
5.0,1.11,,Low,Apartment,26.1,3.0,1235.12
4.0,1.04,0.0,Medium,Row_House,21.5,2.0,626.15
3.0,0.98,155.4,High,Row_House,,,824.12
3.0,0.78,81.5,Medium,Row_House,18.0,9.0,548.5
5.0,1.28,146.6,Low,Row_House,33.3,2.0,1226.62
3.0,0.99,202.0,Medium,Row_House,23.3,3.0,803.17
5.0,0.83,227.8,Medium,Apartment,19.2,8.0,946.95
3.0,0.94,228.6,Medium,Apartment,25.4,9.0,822.78
3.0,0.97,0.0,Medium,Row_House,24.1,6.0,474.84
3.0,1.24,,Medium,Villa,30.9,6.0,1348.26
,1.18,0.0,Low,Row_House,28.8,7.0,518.6
4.0,1.2,0.0,Low,Villa,30.0,9.0,795.82
3.0,0.71,0.0,High,Villa,18.6,2.0,405.99
2.0,0.97,12.0,Low,Apartment,22.9,8.0,333.41
5.0,1.01,,Low,Row_House,24.5,7.0,840.5
3.0,0.71,202.4,Low,Row_House,14.3,,536.87
3.0,0.87,0.0,Low,Villa,22.4,2.0,406.16
5.0,1.19,126.7,Medium,Villa,34.0,2.0,1351.46
4.0,0.79,266.5,High,Row_House,18.7,5.0,957.31
2.0,1.05,269.7,Medium,Apartment,,3.0,801.65
6.0,0.84,273.7,Medium,Row_House,,9.0,1286.2
4.0,0.71,101.0,Medium,Apartment,10.5,9.0,536.95
3.0,0.86,210.4,Medium,Row_House,21.4,3.0,743.3
2.0,1.33,88.8,High,Villa,34.7,6.0,892.13
4.0,1.22,65.3,High,Apartment,31.9,4.0,1104.63
4.0,1.32,63.5,Low,Row_House,32.7,7.0,882.25
3.0,1.02,109.2,High,Apartment,24.1,4.0,757.03
5.0,0.77,134.7,Medium,Apartment,16.3,6.0,720.44
4.0,1.06,0.0,High,Apartment,28.1,9.0,765.67
2.0,1.0,0.0,Medium,Row_House,23.5,4.0,330.14
3.0,1.25,0.0,High,Villa,36.1,2.0,806.46
2.0,0.76,164.1,High,Villa,17.7,,552.85
4.0,1.02,93.5,Low,Apartment,22.3,5.0,645.55
1.0,0.8,0.0,Medium,Villa,17.8,5.0,211.6
4.0,0.91,97.0,High,Row_House,20.2,6.0,860.1
4.0,1.18,182.9,High,Apartment,25.4,6.0,1224.7
5.0,1.01,0.0,Low,Apartment,27.7,8.0,654.64
3.0,0.94,57.7,Medium,Apartment,23.8,6.0,533.42
5.0,0.96,,Medium,Villa,24.1,2.0,932.56
2.0,1.0,0.0,Low,Row_House,24.6,4.0,277.18
,1.21,271.7,Medium,Row_House,,7.0,1559.42
2.0,1.28,109.7,Low,Apartment,31.9,8.0,634.08
3.0,1.32,222.6,High,Row_House,35.8,8.0,1328.02
4.0,1.21,201.0,Medium,Apartment,28.6,9.0,1125.7
2.0,0.91,280.2,High,Apartment,16.4,,853.06
2.0,1.15,0.0,Low,Row_House,28.4,,357.78
4.0,0.98,0.0,Medium,Apartment,23.3,6.0,623.51
4.0,0.87,200.5,Low,Villa,20.5,2.0,874.54
4.0,1.25,0.0,Low,Apartment,33.4,7.0,636.45
4.0,0.72,0.0,Low,Row_House,16.9,2.0,344.96
,1.29,104.8,Low,Apartment,33.7,7.0,870.89
2.0,1.0,13.1,Medium,Row_House,26.6,2.0,422.71
3.0,1.11,249.7,Low,Apartment,24.6,4.0,932.94
2.0,1.13,242.3,Medium,Apartment,29.2,,917.19
5.0,1.28,0.0,Medium,Villa,34.1,6.0,1163.12
4.0,1.11,177.3,High,Apartment,25.1,3.0,1121.87
3.0,,0.0,High,Villa,24.3,3.0,695.36
3.0,0.74,44.4,Medium,Villa,14.7,9.0,439.31
6.0,1.04,294.4,Medium,Apartment,24.1,,1405.64
2.0,0.8,72.3,Low,Apartment,19.6,8.0,362.32
4.0,1.18,,High,Row_House,28.5,6.0,945.26
,1.03,182.5,Low,Villa,23.4,6.0,851.71
,1.14,224.3,Low,Villa,27.3,9.0,1189.4
1.0,0.73,19.4,Low,Row_House,18.2,6.0,151.19
,0.76,201.0,Medium,Row_House,16.9,8.0,922.21
6.0,1.17,0.0,Low,Apartment,,7.0,891.47
,0.75,39.9,High,Villa,16.3,9.0,730.43
4.0,0.75,60.0,Low,Villa,19.1,4.0,578.93
6.0,0.71,,Medium,Apartment,13.8,3.0,590.15
4.0,1.32,95.9,Low,Apartment,36.7,9.0,1004.89
2.0,1.18,282.1,Low,Apartment,30.2,5.0,940.37
4.0,0.93,247.4,High,Apartment,21.8,3.0,1031.61
4.0,0.89,295.2,Low,Villa,25.8,3.0,1000.26
3.0,0.93,85.3,High,Apartment,20.0,8.0,648.34
4.0,1.2,291.2,Medium,Apartment,29.7,2.0,1351.79
6.0,1.13,135.1,Low,Apartment,25.8,6.0,1151.66
6.0,0.82,0.0,High,Villa,20.6,6.0,1080.9
3.0,0.81,,Low,Row_House,21.8,6.0,353.34
2.0,0.76,25.3,High,Apartment,20.2,2.0,339.34
6.0,1.13,0.0,Low,Apartment,30.7,8.0,815.87
5.0,1.2,142.8,High,Villa,30.0,9.0,1660.49
2.0,0.87,75.7,Low,Villa,19.5,4.0,401.89
6.0,0.71,0.0,Medium,Apartment,12.0,4.0,598.51
5.0,,83.3,High,Apartment,20.6,8.0,743.33
3.0,1.33,177.5,High,Apartment,35.3,5.0,1195.95
4.0,0.89,114.2,High,Apartment,19.9,4.0,745.65
3.0,1.2,0.0,High,Row_House,33.0,,733.35
1.0,1.11,0.0,High,Villa,25.7,9.0,301.62
3.0,0.95,148.4,Low,Row_House,23.5,4.0,614.15
5.0,0.83,111.7,Low,Villa,18.7,6.0,818.88
1.0,0.78,0.0,Low,Apartment,18.7,7.0,209.65
3.0,1.1,243.7,Medium,Row_House,,,1147.73
3.0,1.2,0.0,Medium,Row_House,27.5,3.0,592.66
3.0,1.12,70.6,Medium,Apartment,28.1,4.0,692.16
5.0,1.04,34.6,Low,Apartment,27.6,4.0,724.64
3.0,0.73,145.3,Medium,Row_House,15.9,2.0,542.59
3.0,1.33,0.0,Low,Apartment,35.9,5.0,545.48
4.0,,253.9,Medium,Apartment,28.9,7.0,1304.91
3.0,0.89,0.0,Medium,Row_House,20.8,9.0,495.57
2.0,1.34,120.5,High,Villa,33.4,,889.96
3.0,1.09,244.4,Medium,Row_House,28.5,6.0,1046.59
2.0,1.08,0.0,Medium,Villa,26.8,3.0,423.73
2.0,1.19,121.5,Low,Apartment,31.5,5.0,646.8
3.0,1.23,143.1,Medium,Row_House,33.5,2.0,900.64
3.0,1.13,98.0,Low,Row_House,29.6,8.0,730.7
5.0,0.78,280.4,Medium,Villa,18.0,4.0,1143.87
3.0,0.92,,Medium,Apartment,19.8,4.0,443.9
4.0,1.3,280.8,Low,Row_House,33.5,5.0,1443.2
,0.85,,Low,Row_House,18.5,4.0,782.73
,0.94,164.2,High,Apartment,21.7,8.0,522.11
4.0,0.98,19.5,High,Apartment,22.9,2.0,721.99
2.0,0.99,147.9,Medium,Apartment,22.0,2.0,609.26
6.0,1.1,128.2,Low,Apartment,23.4,4.0,988.79
2.0,1.31,56.8,Low,Villa,32.4,4.0,558.72
3.0,0.86,200.4,Medium,Apartment,20.3,6.0,752.74
1.0,0.78,291.6,High,Apartment,14.8,3.0,546.55
6.0,0.83,173.0,Low,Row_House,19.0,9.0,938.1
3.0,1.28,217.3,High,Apartment,36.6,5.0,1179.98
4.0,1.12,29.9,Low,Row_House,30.0,2.0,664.29
1.0,0.89,131.1,High,Apartment,24.1,5.0,379.18
4.0,1.23,0.0,Medium,Villa,32.1,6.0,990.99
2.0,1.26,0.0,High,Villa,34.6,,588.18
,1.25,282.2,Medium,Villa,30.5,6.0,1777.65
2.0,1.3,0.0,Medium,Apartment,32.2,6.0,465.14
,0.86,32.3,Low,Row_House,14.4,7.0,344.76
1.0,1.19,0.0,Low,Apartment,32.4,4.0,253.28
3.0,1.0,0.0,High,Apartment,27.3,8.0,609.06
4.0,1.25,0.0,High,Apartment,30.8,7.0,875.37
1.0,1.17,0.0,High,Row_House,29.0,9.0,315.64
4.0,1.2,246.3,Medium,Row_House,28.9,5.0,1339.73
3.0,1.13,,High,Row_House,29.0,8.0,1068.21
3.0,0.82,,Low,Apartment,20.9,5.0,507.98
3.0,1.05,84.0,Medium,Apartment,22.3,4.0,639.35
3.0,1.34,40.7,Medium,Row_House,35.5,8.0,840.37
4.0,1.31,112.9,Medium,Apartment,33.2,7.0,1016.41
2.0,0.73,129.8,Medium,Row_House,16.1,5.0,447.55
2.0,0.81,206.0,Low,Apartment,19.3,7.0,544.08
5.0,0.79,200.9,Medium,Villa,17.4,4.0,1005.97
6.0,1.17,30.3,High,Row_House,29.3,8.0,1422.65
3.0,1.23,124.6,Medium,Apartment,30.9,8.0,925.3
2.0,,62.7,Low,Apartment,21.2,2.0,359.46
4.0,1.03,55.5,Low,Row_House,26.0,6.0,737.58
3.0,1.25,249.9,Low,Villa,32.4,6.0,1246.0
1.0,1.18,22.2,Low,Apartment,27.2,,285.49
2.0,1.05,131.6,Medium,Apartment,25.0,8.0,622.74
4.0,1.08,58.8,Medium,Villa,28.5,5.0,948.1
4.0,1.03,,Medium,Row_House,25.2,7.0,711.06
,0.89,171.5,Medium,Apartment,22.2,7.0,462.82
2.0,1.07,0.0,High,Row_House,29.9,,460.65
2.0,1.15,155.7,Low,Apartment,30.9,9.0,704.02
4.0,1.27,222.1,Medium,Row_House,32.7,8.0,1344.65
1.0,1.11,0.0,High,Apartment,26.6,6.0,301.14
2.0,1.19,0.0,Low,Villa,25.0,8.0,437.99
4.0,0.8,0.0,Low,Row_House,17.7,4.0,497.31
2.0,1.0,280.9,High,Row_House,23.6,7.0,890.96
4.0,0.71,275.8,Medium,Row_House,16.1,3.0,775.42
2.0,0.86,,Medium,Villa,,3.0,628.67
1.0,1.17,192.6,Low,Villa,28.8,6.0,701.87
2.0,1.34,126.9,Medium,Row_House,31.1,6.0,811.02
4.0,0.76,228.2,Medium,Row_House,15.0,6.0,810.29
5.0,0.96,164.1,Low,Row_House,24.0,4.0,904.85
5.0,1.22,206.5,Medium,Row_House,34.4,3.0,1395.17
3.0,0.83,134.3,Low,Apartment,18.8,,539.82
4.0,1.06,0.0,Medium,Row_House,,4.0,646.83
2.0,1.18,249.1,Low,Apartment,31.7,2.0,849.37
2.0,1.1,52.5,Low,Villa,25.7,9.0,540.25
5.0,0.82,251.5,Low,Apartment,19.4,9.0,883.94
,0.93,166.7,Low,Villa,20.6,7.0,534.63
1.0,1.21,0.0,High,Row_House,32.4,9.0,380.16
2.0,1.06,0.0,Low,Row_House,26.4,6.0,302.05
1.0,0.7,119.9,Medium,Row_House,15.6,3.0,250.7
2.0,1.19,0.0,Low,Apartment,28.5,9.0,314.68
4.0,0.72,82.8,Medium,Apartment,17.0,7.0,522.67
3.0,1.18,254.8,High,Apartment,33.9,9.0,1256.7
5.0,0.83,0.0,Low,Row_House,17.0,8.0,570.07
5.0,1.32,159.1,High,Apartment,,4.0,1521.81
3.0,0.94,0.0,Low,Row_House,22.8,2.0,345.19
2.0,0.91,176.2,Medium,Apartment,23.0,8.0,642.06
3.0,0.8,104.3,Medium,Apartment,17.0,4.0,485.74
4.0,0.9,0.0,High,Apartment,15.5,4.0,597.88
2.0,1.27,0.0,Medium,Villa,35.3,5.0,531.81
4.0,1.35,11.8,Medium,Row_House,36.5,9.0,920.78
3.0,0.94,293.7,Low,Apartment,18.9,7.0,844.81
4.0,0.99,,Low,Row_House,22.7,5.0,584.05
3.0,1.17,124.6,High,Apartment,32.6,4.0,917.64
2.0,1.28,221.2,Medium,Villa,35.7,9.0,1112.48
6.0,1.09,110.3,Medium,Row_House,28.9,2.0,1239.1
4.0,0.95,204.6,High,Apartment,22.3,3.0,998.79
2.0,0.97,243.6,Medium,Row_House,23.5,3.0,708.6
5.0,1.15,284.6,High,Apartment,28.6,9.0,1601.06
3.0,0.7,126.1,Medium,Villa,17.3,8.0,580.29
5.0,1.1,,Medium,Apartment,25.6,7.0,1339.1
4.0,0.93,0.0,High,Row_House,20.5,6.0,735.14
3.0,1.22,297.2,Low,Apartment,33.0,6.0,1215.72
1.0,0.76,17.5,Low,Row_House,16.8,3.0,165.84
2.0,1.08,185.0,Medium,Row_House,29.4,4.0,733.9
3.0,1.01,201.3,Low,Row_House,23.2,4.0,803.62
4.0,1.12,209.5,Medium,Row_House,27.8,5.0,1163.84
2.0,0.74,44.9,High,Villa,14.4,9.0,397.68
2.0,1.08,282.2,Medium,Apartment,26.7,7.0,915.9
5.0,1.06,62.5,Medium,Apartment,23.1,,905.08
6.0,1.06,0.0,High,Apartment,25.1,9.0,1151.49
3.0,1.09,74.6,Medium,Villa,24.1,5.0,701.07
2.0,1.14,99.1,Medium,Apartment,29.9,6.0,637.22
2.0,,0.0,Medium,Row_House,32.4,9.0,458.6
1.0,0.88,131.0,High,Row_House,17.1,3.0,350.81
5.0,1.24,56.5,Medium,Apartment,,8.0,1102.16
2.0,1.02,59.6,High,Apartment,29.8,9.0,574.65
4.0,0.75,0.0,High,Apartment,16.6,4.0,545.04
2.0,0.74,229.6,Medium,Apartment,14.9,9.0,594.64
4.0,,270.4,Medium,Apartment,27.4,3.0,1057.22
4.0,1.21,34.4,High,Apartment,28.1,2.0,911.48
5.0,1.16,124.0,Medium,Villa,29.2,3.0,1295.07
2.0,1.21,39.1,High,Villa,31.1,2.0,652.04
1.0,1.04,0.0,High,Apartment,28.2,5.0,286.37
2.0,0.99,201.9,Medium,Apartment,24.6,5.0,668.39
5.0,0.8,184.7,Medium,Apartment,17.1,6.0,823.76
5.0,,57.3,High,Row_House,19.6,3.0,916.39
4.0,0.98,77.8,High,Villa,22.9,3.0,910.14
4.0,0.76,16.9,Medium,Apartment,14.8,2.0,439.28
4.0,0.84,,Low,Apartment,19.4,5.0,752.7
2.0,1.09,292.7,Medium,Row_House,25.9,2.0,946.12
5.0,1.18,49.3,Medium,Row_House,26.8,5.0,1067.47
3.0,1.35,77.1,Medium,Apartment,,2.0,796.32
3.0,1.31,261.8,Medium,Row_House,32.8,5.0,1339.79
3.0,1.12,278.7,Medium,Apartment,25.4,2.0,1008.92
1.0,,131.7,Medium,Apartment,23.0,8.0,484.27
2.0,1.11,24.7,Low,Row_House,27.8,5.0,428.02
4.0,1.21,21.4,Medium,Villa,27.2,7.0,900.9
1.0,0.78,0.0,Medium,Apartment,18.1,2.0,209.96
4.0,0.97,123.9,Low,Villa,21.2,3.0,810.06
2.0,1.25,18.3,Low,Apartment,35.3,6.0,411.21
3.0,0.95,,Medium,Row_House,23.7,7.0,763.75
2.0,1.07,13.3,Medium,Row_House,25.6,7.0,422.42
3.0,1.08,238.3,Low,Villa,25.2,2.0,970.36
4.0,0.82,98.9,High,Villa,18.5,6.0,865.63
,0.94,21.7,Medium,Apartment,23.6,3.0,327.22
4.0,0.92,180.6,High,Villa,21.7,7.0,1133.89
3.0,0.72,125.3,Medium,Villa,15.2,3.0,535.64
4.0,0.72,292.4,Medium,Row_House,15.7,5.0,780.95
6.0,1.24,0.0,High,Apartment,30.4,9.0,1286.52
4.0,0.88,89.8,Medium,Villa,19.9,8.0,739.33
2.0,1.04,215.7,Medium,Villa,21.3,9.0,855.29
1.0,0.89,88.7,Low,Apartment,22.8,9.0,310.74
2.0,1.31,0.0,Medium,Villa,34.4,6.0,557.69
4.0,0.87,,Low,Apartment,18.7,8.0,688.28
1.0,0.98,0.0,Low,Apartment,27.4,4.0,155.64
3.0,1.27,24.7,Low,Row_House,32.7,5.0,659.83
,1.25,133.6,Low,Row_House,29.9,6.0,1004.0
3.0,0.82,251.4,High,Row_House,20.4,2.0,886.6
4.0,1.22,0.0,Low,Apartment,31.8,8.0,653.16
2.0,1.0,75.1,Medium,Villa,25.0,2.0,494.47
1.0,1.01,75.6,High,Apartment,,3.0,370.67
4.0,0.79,247.0,Medium,Apartment,18.7,9.0,835.49
3.0,0.75,279.8,Low,Apartment,16.0,7.0,661.57
4.0,1.17,0.0,Medium,Row_House,30.6,8.0,782.86
3.0,1.02,140.5,Medium,Villa,21.0,4.0,819.87
2.0,0.98,,Medium,Row_House,22.7,2.0,557.75
,1.17,262.5,High,Villa,32.9,6.0,1776.04
4.0,1.2,,High,Apartment,28.9,8.0,865.02
4.0,0.8,71.2,Medium,Row_House,16.9,8.0,655.93
2.0,1.1,228.2,Medium,Row_House,26.4,,872.54
4.0,0.79,24.9,Medium,Row_House,15.3,7.0,589.95
3.0,1.19,0.0,Low,Apartment,25.7,6.0,479.22
1.0,1.13,138.2,High,Row_House,27.8,7.0,572.98
5.0,1.32,0.0,Low,Row_House,34.3,2.0,914.77
2.0,0.74,124.4,Medium,Row_House,16.1,6.0,435.13
6.0,0.74,163.7,High,Row_House,15.9,9.0,1054.05
3.0,0.88,56.8,Medium,Apartment,20.6,6.0,517.58
